Date,date,quantity_sold,Day,year,month,quarter,week,day,dayOfWeek,dayName,IsWeekend,IsHoliday,Lag_1,Lag_7,Lag_14,Lag_30,RollingMean7,RollingMean14,RollingMean30,RollingStd7,EMA7,EMA14,ExpandingMean
2024-01-31,2024-01-31,8078,Wednesday,2024,1,1,5,31,2,Wednesday,0,0,7039.0,5603.0,4057.0,8479.0,7776.571428571428,7500.0,7615.366666666667,1702.513519979884,7514.477460140554,7535.347852118454,7643.225806451613
2024-02-01,2024-02-01,11303,Thursday,2024,2,1,5,1,3,Thursday,0,0,8078.0,8962.0,6921.0,7647.0,8111.0,7813.0,7737.233333333334,2146.270952140015,8461.703246233332,8042.91049918608,7757.59375
2024-02-02,2024-02-02,4328,Friday,2024,2,1,5,2,4,Friday,0,0,11303.0,7159.0,10459.0,4172.0,7706.571428571428,7375.071428571428,7742.433333333333,2578.718083153132,7428.199571211639,7543.143950932304,7653.666666666667
2024-02-03,2024-02-03,10671,Saturday,2024,2,1,5,3,5,Saturday,1,0,4328.0,6664.0,9970.0,7592.0,8279.0,7425.142857142857,7845.066666666667,2747.9047169313094,8238.945489192913,7963.431218192601,7742.411764705882
2024-02-04,2024-02-04,9978,Sunday,2024,2,1,5,4,6,Sunday,1,0,10671.0,10841.0,7892.0,6712.0,8155.714285714285,7574.142857142857,7953.933333333333,2630.6603552647975,8673.727542248136,8233.846960934707,7806.285714285715
2024-02-05,2024-02-05,7668,Monday,2024,2,1,6,5,0,Monday,0,0,9978.0,5693.0,5676.0,9503.0,8437.857142857143,7716.428571428572,7892.766666666666,2419.9832939210855,8422.287664977537,8157.961324888245,7802.444444444444
2024-02-06,2024-02-06,6792,Tuesday,2024,2,1,6,6,1,Tuesday,0,0,7668.0,7039.0,4043.0,10455.0,8402.57142857143,7912.785714285715,7770.666666666667,2445.446234476295,8014.706032870887,7974.9146266869875,7775.135135135135
2024-02-07,2024-02-07,7009,Wednesday,2024,2,1,6,7,2,Wednesday,0,0,6792.0,8078.0,5603.0,5889.0,8249.857142857143,8013.214285714285,7808.0,2501.822231132836,7763.275029475747,7845.563474411141,7754.973684210527
2024-02-08,2024-02-08,9001,Thursday,2024,2,1,6,8,3,Thursday,0,0,7009.0,11303.0,8962.0,4134.0,7921.0,8016.0,7970.233333333334,2161.7967835421855,8072.71042125797,8000.204527331855,7786.923076923077
2024-02-09,2024-02-09,4234,Friday,2024,2,1,6,9,4,Friday,0,0,9001.0,4328.0,7159.0,7790.0,7907.571428571428,7807.071428571428,7851.7,2187.968986460798,7113.023164766853,7496.398236393069,7698.1
2024-02-10,2024-02-10,11844,Saturday,2024,2,1,6,10,5,Saturday,1,0,4234.0,10671.0,6664.0,8302.0,8075.142857142857,8177.071428571428,7969.766666666666,2462.5738857661,8295.77629441832,8077.724189983006,7799.219512195122
2024-02-11,2024-02-11,8223,Sunday,2024,2,1,6,11,6,Sunday,1,0,11844.0,9978.0,10841.0,4558.0,7824.428571428572,7990.071428571428,8091.933333333333,2321.8747351470734,8277.58211789239,8097.141939637456,7809.309523809524
2024-02-12,2024-02-12,7185,Monday,2024,2,1,7,12,0,Monday,0,0,8223.0,7668.0,5693.0,9867.0,7755.428571428572,8096.642857142857,8002.533333333334,2334.440893600498,8004.43542956118,7975.263855751006,7794.790697674419
2024-02-13,2024-02-13,6834,Tuesday,2024,2,1,7,13,1,Tuesday,0,0,7185.0,6792.0,7039.0,8658.0,7761.428571428572,8082.0,7941.733333333334,2331.6042300772856,7711.82564109637,7822.814398800251,7772.954545454545
2024-02-14,2024-02-14,8327,Wednesday,2024,2,1,7,14,2,Wednesday,0,0,6834.0,7009.0,8078.0,13716.0,7949.714285714285,8099.785714285715,7762.1,2313.865144031067,7865.61959784768,7890.146685014027,7785.266666666666
2024-02-15,2024-02-15,12827,Thursday,2024,2,1,7,15,3,Thursday,0,0,8327.0,9001.0,11303.0,10409.0,8496.285714285714,8208.642857142857,7842.7,2964.1008594111477,9105.966918428976,8549.306196906666,7894.869565217391
2024-02-16,2024-02-16,7850,Friday,2024,2,1,7,16,4,Friday,0,0,12827.0,4234.0,4328.0,4057.0,9012.857142857143,8460.214285714286,7969.133333333333,2348.6892393113953,8791.974767321157,8455.953381539954,7893.914893617021
2024-02-17,2024-02-17,12067,Saturday,2024,2,1,7,17,5,Saturday,1,0,7850.0,11844.0,10671.0,6921.0,9044.714285714286,8559.92857142857,8140.666666666667,2394.5549840061235,9610.731899810682,8937.927363618337,7980.854166666667
2024-02-18,2024-02-18,9837,Sunday,2024,2,1,7,18,6,Sunday,1,0,12067.0,8223.0,9978.0,10459.0,9275.285714285714,8549.857142857143,8119.933333333333,2379.906210637,9667.298967571553,9057.911828053242,8018.734693877551
2024-02-19,2024-02-19,7314,Monday,2024,2,1,8,19,0,Monday,0,0,9837.0,7185.0,7668.0,9970.0,9293.714285714286,8524.57142857143,8031.4,2361.450522756843,9078.973892497432,8825.20852910719,8004.64
2024-02-20,2024-02-20,5956,Tuesday,2024,2,1,8,20,1,Tuesday,0,0,7314.0,6834.0,6792.0,7892.0,9168.285714285714,8464.857142857143,7966.866666666667,2531.0968448669114,8298.23008775898,8442.388301306966,7964.470588235294
2024-02-21,2024-02-21,8712,Wednesday,2024,2,1,8,21,2,Wednesday,0,0,5956.0,8327.0,7009.0,5676.0,9223.285714285714,8586.5,8068.066666666667,2513.893640967182,8401.672598771462,8478.357625791734,7978.846153846154
2024-02-22,2024-02-22,5264,Thursday,2024,2,1,8,22,3,Thursday,0,0,8712.0,12827.0,9001.0,4043.0,8142.857142857143,8319.57142857143,8108.766666666666,2325.0760868246466,7617.254261667761,8049.558629996395,7927.622641509434
2024-02-23,2024-02-23,10393,Friday,2024,2,1,8,23,4,Friday,0,0,5264.0,7850.0,4234.0,5603.0,8506.142857142857,8759.5,8268.433333333332,2466.0837663909842,8311.190820595726,8362.15519940285,7973.277777777777
2024-02-24,2024-02-24,11009,Saturday,2024,2,1,8,24,5,Saturday,1,0,10393.0,12067.0,11844.0,8962.0,8355.0,8699.857142857143,8336.666666666666,2232.8642293401244,8985.64320608698,8715.202642060765,8028.472727272727
2024-02-25,2024-02-25,16173,Sunday,2024,2,1,8,25,6,Sunday,1,0,11009.0,9837.0,8223.0,7159.0,9260.142857142857,9267.714285714286,8637.133333333333,3721.6463842664853,10782.482585674223,9709.904785561524,8173.910714285715
2024-02-26,2024-02-26,6925,Monday,2024,2,1,9,26,0,Monday,0,0,16173.0,7314.0,7185.0,6664.0,9204.57142857143,9249.142857142857,8645.833333333334,3758.273400430169,9818.111866354242,9338.47762458841,8152.0
2024-02-27,2024-02-27,3565,Tuesday,2024,2,1,9,27,1,Tuesday,0,0,6925.0,5956.0,6834.0,10841.0,8863.0,9015.642857142857,8403.3,4186.935354966287,8254.833811133894,8568.489223992423,8072.913793103448
2024-02-28,2024-02-28,7100,Wednesday,2024,2,1,9,28,2,Wednesday,0,0,3565.0,8712.0,8327.0,5693.0,8632.714285714286,8928.0,8450.2,4240.611461974389,7966.125346073935,8372.648473995238,8056.423728813559
2024-02-29,2024-02-29,5375,Thursday,2024,2,1,9,29,3,Thursday,0,0,7100.0,5264.0,12827.0,7039.0,8648.57142857143,8395.714285714286,8394.733333333334,4226.097879334349,7318.343988896691,7972.887378616904,8011.733333333334
2024-03-01,2024-03-01,13740,Friday,2024,3,1,9,1,4,Friday,0,0,5375.0,10393.0,7850.0,8078.0,9126.714285714286,8816.42857142857,8583.466666666667,4626.710304103255,8923.75803007189,8741.960163873788,8105.639344262295
2024-03-02,2024-03-02,10231,Saturday,2024,3,1,9,2,5,Saturday,1,0,13740.0,11009.0,12067.0,11303.0,9015.57142857143,8685.285714285714,8547.733333333334,4583.096982650591,9250.568528416572,8940.526652954342,8139.919354838709
2024-03-03,2024-03-03,7843,Sunday,2024,3,1,9,3,6,Sunday,1,0,10231.0,16173.0,9837.0,4328.0,7825.571428571428,8542.857142857143,8664.9,3323.2039689202998,8898.676391577983,8794.171979476769,8135.206349206349
2024-03-04,2024-03-04,6636,Monday,2024,3,1,10,4,0,Monday,0,0,7843.0,6925.0,7314.0,10671.0,7784.285714285715,8494.42857142857,8530.4,3338.019058977233,8333.007287975495,8506.385404250992,8111.78125
2024-03-05,2024-03-05,5676,Tuesday,2024,3,1,10,5,1,Tuesday,0,0,6636.0,3565.0,5956.0,9978.0,8085.857142857143,8474.42857142857,8387.0,2968.167416020164,7668.755460954552,8128.966232034781,8074.307692307692
2024-03-06,2024-03-06,8327,Wednesday,2024,3,1,10,6,2,Wednesday,0,0,5676.0,7100.0,8712.0,7668.0,8261.142857142857,8446.92857142857,8408.966666666667,2936.303425997357,7833.316596649965,8155.372823488158,8078.136363636364
2024-03-07,2024-03-07,5605,Thursday,2024,3,1,10,7,3,Thursday,0,0,8327.0,5375.0,5264.0,6792.0,8294.0,8471.285714285714,8369.4,2899.683430997254,7276.237445115982,7815.299797239442,8041.223880597015
2024-03-08,2024-03-08,6350,Friday,2024,3,1,10,8,4,Friday,0,1,5605.0,13740.0,10393.0,7009.0,7238.285714285715,8182.5,8347.433333333332,1671.6995059206256,7044.678083097674,7619.914880909984,8016.35294117647
2024-03-09,2024-03-09,13466,Saturday,2024,3,1,10,9,5,Saturday,1,0,6350.0,10231.0,11009.0,9001.0,7700.428571428572,8358.0,8496.266666666666,2741.67010276236,8650.00856616733,8399.43304079119,8095.333333333333
2024-03-10,2024-03-10,9213,Sunday,2024,3,1,10,10,6,Sunday,1,0,13466.0,7843.0,16173.0,4234.0,7896.142857142857,7860.857142857143,8662.233333333334,2801.783564599014,8790.75642487827,8507.913477053193,8111.3
2024-03-11,2024-03-11,5172,Monday,2024,3,1,11,11,0,Monday,0,0,9213.0,6636.0,6925.0,11844.0,7687.0,7735.642857142857,8439.833333333334,2961.6086844821375,7886.067317440135,8063.107807881259,8069.901408450704
2024-03-12,2024-03-12,7692,Tuesday,2024,3,1,11,12,1,Tuesday,0,0,5172.0,5676.0,3565.0,8223.0,7975.0,8030.428571428572,8422.133333333333,2828.4875817298566,7837.550488031089,8013.625107991942,8064.652777777777
2024-03-13,2024-03-13,7817,Wednesday,2024,3,1,11,13,2,Wednesday,0,0,7692.0,8327.0,7100.0,7185.0,7902.142857142857,8081.642857142857,8443.2,2824.475020752911,7832.412866019424,7987.407665210248,8061.260273972603
2024-03-14,2024-03-14,6577,Thursday,2024,3,1,11,14,3,Thursday,0,0,7817.0,5605.0,5375.0,6834.0,8041.0,8167.5,8434.633333333333,2714.471219224844,7518.559649336224,7799.348574529976,8041.2027027027025
2024-03-15,2024-03-15,4782,Friday,2024,3,1,11,15,4,Friday,0,0,6577.0,6350.0,13740.0,8327.0,7817.0,7527.642857142857,8316.466666666667,2933.1579114212973,6834.4197367106,7397.026651538777,7997.746666666667
2024-03-16,2024-03-16,14811,Saturday,2024,3,1,11,16,5,Saturday,1,0,4782.0,13466.0,10231.0,12827.0,8009.142857142857,7854.785714285715,8382.6,3375.57142957907,8828.564803170351,8385.575127693444,8087.394736842105
2024-03-17,2024-03-17,13760,Sunday,2024,3,1,11,17,6,Sunday,1,0,14811.0,9213.0,7843.0,7850.0,8658.714285714286,8277.42857142857,8579.6,4021.5332778384295,10061.423602673314,9102.176856641565,8161.064935064935
2024-03-18,2024-03-18,6039,Monday,2024,3,1,12,18,0,Monday,0,0,13760.0,5172.0,6636.0,12067.0,8782.57142857143,8234.785714285714,8378.666666666666,3907.9986718328882,9055.817701824182,8693.747473722258,8133.858974358975
2024-03-19,2024-03-19,4613,Tuesday,2024,3,1,12,19,1,Tuesday,0,0,6039.0,7692.0,5676.0,9837.0,8342.714285714286,8158.857142857143,8204.533333333333,4212.60769256153,7945.1132762183615,8149.641111725987,8089.291139240507
2024-03-20,2024-03-20,7303,Wednesday,2024,3,1,12,20,2,Wednesday,0,0,4613.0,7817.0,8327.0,7314.0,8269.285714285714,8085.714285714285,8204.166666666666,4227.750966896613,7784.584957147536,8036.754425653148,8079.4625
2024-03-21,2024-03-21,6556,Thursday,2024,3,1,12,21,3,Thursday,0,0,7303.0,6577.0,5605.0,5956.0,8266.285714285714,8153.642857142857,8224.166666666666,4229.159164431536,7477.4387178373545,7839.318676465761,8060.6543209876545
2024-03-22,2024-03-22,5768,Friday,2024,3,1,12,22,4,Friday,0,0,6556.0,4782.0,6350.0,8712.0,8407.142857142857,8112.071428571428,8126.033333333334,4108.467330954916,7050.079038353704,7563.140639532511,8032.695121951219
2024-03-23,2024-03-23,8572,Saturday,2024,3,1,12,23,5,Saturday,1,0,5768.0,14811.0,13466.0,5264.0,7515.857142857143,7762.5,8236.3,3020.3223574408685,7430.559278781511,7697.6561552491985,8039.192771084337
2024-03-24,2024-03-24,5875,Sunday,2024,3,1,12,24,6,Sunday,1,0,8572.0,13760.0,9213.0,10393.0,6389.428571428572,7524.071428571428,8085.7,1261.961813624987,7041.669459073689,7454.6338716247465,8013.428571428572
2024-03-25,2024-03-25,8154,Monday,2024,3,1,13,25,0,Monday,0,0,5875.0,6039.0,5172.0,11009.0,6691.571428571428,7737.071428571428,7990.533333333334,1408.732628658703,7319.752094311941,7547.883175231006,8015.082352941176
2024-03-26,2024-03-26,5053,Tuesday,2024,3,1,13,26,1,Tuesday,0,0,8154.0,4613.0,7692.0,16173.0,6754.428571428572,7548.571428571428,7619.866666666667,1306.6474731340732,6753.064070723755,7215.230581120213,7980.639534883721
2024-03-27,2024-03-27,6311,Wednesday,2024,3,1,13,27,2,Wednesday,0,0,5053.0,7303.0,7817.0,6925.0,6612.714285714285,7441.0,7599.4,1290.9352829487416,6642.548053041324,7094.66603119199,7961.448275862069
2024-03-28,2024-03-28,5670,Thursday,2024,3,1,13,28,3,Thursday,0,0,6311.0,6556.0,6577.0,3565.0,6486.142857142857,7376.214285714285,7669.566666666667,1339.9275389079273,6399.411039778532,6904.709915250876,7935.409090909091
2024-03-29,2024-03-29,5767,Friday,2024,3,1,13,29,4,Friday,0,1,5670.0,5768.0,4782.0,7100.0,6486.0,7446.571428571428,7625.133333333333,1340.0169153161382,6241.308279832698,6753.014813398081,7911.044943820225
2024-03-30,2024-03-30,12627,Saturday,2024,3,1,13,30,5,Saturday,1,0,5767.0,8572.0,14811.0,5375.0,7065.285714285715,7290.571428571428,7866.866666666667,2638.9819194963434,7837.7312098836155,7536.214836120083,7963.444444444444
2024-03-31,2024-03-31,6585,Sunday,2024,3,1,13,31,6,Sunday,1,0,12627.0,5875.0,13760.0,13740.0,7166.714285714285,6778.071428571428,7628.366666666667,2598.949577187279,7524.548407411374,7409.385910916476,7948.2967032967035
2024-04-01,2024-04-01,7229,Monday,2024,4,2,14,1,0,Monday,0,0,6585.0,8154.0,6039.0,10231.0,7034.571428571428,6863.071428571428,7528.3,2563.6610447524035,7450.661305558294,7385.334410045248,7940.478260869565
2024-04-02,2024-04-02,11078,Tuesday,2024,4,2,14,2,1,Tuesday,0,0,7229.0,5053.0,4613.0,7843.0,7895.285714285715,7324.857142857143,7636.133333333333,2788.997234030286,8357.4959791709,7877.690639607638,7974.215053763441
2024-04-03,2024-04-03,8319,Wednesday,2024,4,2,14,3,2,Wednesday,0,0,11078.0,6311.0,7303.0,6636.0,8182.142857142857,7397.428571428572,7692.233333333334,2700.7590555602114,8347.871984378158,7936.531972339645,7977.882978723404
2024-04-04,2024-04-04,6620,Thursday,2024,4,2,14,4,3,Thursday,0,0,8319.0,5670.0,6556.0,5676.0,8317.857142857143,7402.0,7723.7,2574.3962676435704,7915.903988283035,7760.994157090498,7963.58947368421
2024-04-05,2024-04-05,7371,Friday,2024,4,2,14,5,4,Friday,0,0,6620.0,5767.0,5768.0,8327.0,8547.0,7516.5,7691.833333333333,2373.015592026314,7779.677991212137,7708.994879937082,7957.416666666667
2024-04-06,2024-04-06,8128,Saturday,2024,4,2,14,6,5,Saturday,1,0,7371.0,12627.0,8572.0,5605.0,7904.285714285715,7484.785714285715,7775.933333333333,1550.5271914508899,7866.758493409169,7764.86228161613,7959.1752577319585
2024-04-07,2024-04-07,6657,Sunday,2024,4,2,14,7,6,Sunday,1,0,8128.0,6585.0,5875.0,6350.0,7914.571428571428,7540.642857142857,7786.166666666667,1540.5233804503905,7564.318870056704,7617.14719080338,7945.8877551020405
2024-04-08,2024-04-08,4905,Monday,2024,4,2,15,8,0,Monday,0,0,6657.0,7229.0,8154.0,13466.0,7582.571428571428,7308.571428571428,7500.8,1917.2557521227154,6899.489152542244,7255.527310908785,7915.171717171717
2024-04-09,2024-04-09,6955,Tuesday,2024,4,2,15,9,1,Tuesday,0,0,4905.0,11078.0,5053.0,9213.0,6993.571428571428,7444.428571428572,7425.533333333334,1140.3651253206813,6913.3668644066875,7215.456978351492,7905.57
2024-04-10,2024-04-10,4960,Wednesday,2024,4,2,15,10,2,Wednesday,0,0,6955.0,8319.0,6311.0,5172.0,6513.714285714285,7347.928571428572,7418.466666666666,1195.0876835733084,6425.025148304899,6914.729222297329,7876.40594059406
2024-04-11,2024-04-11,4869,Thursday,2024,4,2,15,11,3,Thursday,0,1,4960.0,6620.0,5670.0,7692.0,6263.571428571428,7290.714285714285,7324.366666666667,1343.204856198166,6036.018861228604,6641.96520105128,7846.921568627451
2024-04-12,2024-04-12,5369,Friday,2024,4,2,15,12,4,Friday,0,0,4869.0,7371.0,5767.0,7817.0,5977.571428571428,7262.285714285715,7242.766666666666,1279.7450080833846,5869.26414592143,6472.236440199322,7822.864077669903
2024-04-13,2024-04-13,10735,Saturday,2024,4,2,15,13,5,Saturday,1,0,5369.0,8128.0,12627.0,6577.0,6350.0,7127.142857142857,7381.366666666667,2115.984640776026,7085.698109441197,7040.605110384913,7850.865384615385
2024-04-14,2024-04-14,16350,Sunday,2024,4,2,15,14,6,Sunday,1,0,10735.0,6657.0,6585.0,4782.0,7734.714285714285,7824.642857142857,7766.966666666666,4346.417325962681,9401.773582081074,8281.858132442987,7931.809523809524
2024-04-15,2024-04-15,7225,Monday,2024,4,2,16,15,0,Monday,0,0,16350.0,4905.0,7229.0,14811.0,8066.142857142857,7824.357142857143,7514.1,4179.945630769674,8857.580186560775,8140.9436783691635,7925.141509433963
2024-04-16,2024-04-16,6238,Tuesday,2024,4,2,16,16,1,Tuesday,0,0,7225.0,6955.0,11078.0,13760.0,7963.714285714285,7478.642857142857,7263.366666666667,4220.30211060321,8202.685139920553,7887.217797761699,7909.373831775701
2024-04-17,2024-04-17,8174,Wednesday,2024,4,2,16,17,2,Wednesday,0,0,6238.0,4960.0,8319.0,6039.0,8422.857142857143,7468.285714285715,7334.533333333334,4008.5727896002845,8195.513854940415,7925.45543214874,7911.824074074074
2024-04-18,2024-04-18,10999,Thursday,2024,4,2,16,18,3,Thursday,0,0,8174.0,4869.0,6620.0,4613.0,9298.57142857143,7781.071428571428,7547.4,3764.979365022815,8896.385391205327,8335.261443466561,7940.146788990825
2024-04-19,2024-04-19,5912,Friday,2024,4,2,16,19,4,Friday,0,0,10999.0,5369.0,7371.0,7303.0,9376.142857142857,7676.857142857143,7501.033333333334,3675.042649574349,8150.289043403982,8012.159870565768,7921.709090909091
2024-04-20,2024-04-20,14041,Saturday,2024,4,2,16,20,5,Saturday,1,0,5912.0,10735.0,8128.0,6556.0,9848.42857142857,8099.214285714285,7750.533333333334,4069.984719756032,9622.966782553005,8816.005322724533,7976.8378378378375
2024-04-21,2024-04-21,7318,Sunday,2024,4,2,16,21,6,Sunday,1,1,14041.0,16350.0,6657.0,5768.0,8558.142857142857,8146.428571428572,7802.2,2940.1652690833207,9046.725086914748,8616.271257822693,7970.955357142857
2024-04-22,2024-04-22,7080,Monday,2024,4,2,17,22,0,Monday,0,0,7318.0,7225.0,4905.0,8572.0,8537.42857142857,8301.785714285714,7752.466666666666,2951.611529156167,8555.043815186058,8411.435070673137,7963.070796460177
2024-04-23,2024-04-23,5475,Tuesday,2024,4,2,17,23,1,Tuesday,0,0,7080.0,6238.0,6955.0,5875.0,8428.42857142857,8196.07142857143,7739.133333333333,3062.6783951928323,7785.032861389539,8019.910362380276,7941.245614035088
2024-04-24,2024-04-24,10255,Wednesday,2024,4,2,17,24,2,Wednesday,0,0,5475.0,8174.0,4960.0,8154.0,8725.714285714286,8574.285714285714,7809.166666666667,3134.0328499812967,8402.524646042157,8317.922335306326,7961.365217391304
2024-04-25,2024-04-25,3928,Thursday,2024,4,2,17,25,3,Thursday,0,0,10255.0,10999.0,4869.0,5053.0,7715.571428571428,8507.07142857143,7771.666666666667,3406.8677137581403,7283.893484531614,7732.59932110465,7926.5948275862065
2024-04-26,2024-04-26,6321,Friday,2024,4,2,17,26,4,Friday,0,0,3928.0,5912.0,5369.0,6311.0,7774.0,8575.07142857143,7772.0,3374.13070286259,7043.17011339871,7544.3860682133745,7912.871794871795
2024-04-27,2024-04-27,11178,Saturday,2024,4,2,17,27,5,Saturday,1,0,6321.0,14041.0,10735.0,5670.0,7365.0,8606.714285714286,7955.6,2564.1602914014566,8076.877585049035,8028.867948266386,7940.542372881356
2024-04-28,2024-04-28,6248,Sunday,2024,4,2,17,28,6,Sunday,1,0,11178.0,7318.0,16350.0,5767.0,7212.142857142857,7885.142857142857,7971.633333333333,2599.0841610441325,7619.658188786775,7791.418878948278,7926.319327731092
2024-04-29,2024-04-29,6568,Monday,2024,4,2,18,29,0,Monday,0,0,6248.0,7080.0,7225.0,12627.0,7139.0,7838.214285714285,7769.666666666667,2610.601463264741,7356.743641590081,7628.296356069721,7915.0
2024-04-30,2024-04-30,7910,Tuesday,2024,4,2,18,30,1,Tuesday,0,0,6568.0,5475.0,6238.0,6585.0,7486.857142857143,7957.642857142857,7813.833333333333,2512.3014965413313,7495.057731192561,7665.85684306167,7914.9586776859505
2024-05-01,2024-05-01,9643,Wednesday,2024,5,2,18,1,2,Wednesday,0,0,7910.0,10255.0,8174.0,7229.0,7399.428571428572,8062.571428571428,7894.3,2408.415236702541,8032.043298394421,7929.475937554768,7929.122950819672
2024-05-02,2024-05-02,5451,Thursday,2024,5,2,18,2,3,Thursday,0,0,9643.0,3928.0,10999.0,11078.0,7617.0,7666.285714285715,7706.733333333334,2090.334104076826,7386.782473795816,7599.012471716383,7908.975609756098
2024-05-03,2024-05-03,5519,Friday,2024,5,2,18,3,4,Friday,0,0,5451.0,6321.0,5912.0,8319.0,7502.428571428572,7638.214285714285,7613.4,2192.680312398721,6919.836855346863,7321.677470034171,7889.701612903225
2024-05-04,2024-05-04,11297,Saturday,2024,5,2,18,4,5,Saturday,1,0,5519.0,11178.0,14041.0,6620.0,7519.428571428572,7442.214285714285,7769.3,2226.132884409109,8014.127641510147,7851.720483062422,7916.96
2024-05-05,2024-05-05,9165,Sunday,2024,5,2,18,5,6,Sunday,1,0,11297.0,6248.0,7318.0,7371.0,7936.142857142857,7574.142857142857,7829.1,2221.4794191087626,8301.845731132611,8026.824421240284,7926.8650793650795
2024-05-06,2024-05-06,7184,Monday,2024,5,2,19,6,0,Monday,0,0,9165.0,6568.0,7080.0,8128.0,8024.142857142857,7581.571428571428,7797.633333333333,2169.8510262666587,8022.384298349458,7914.44783030314,7921.0157480314965
2024-05-07,2024-05-07,5401,Tuesday,2024,5,2,19,7,1,Tuesday,0,0,7184.0,7910.0,5475.0,6657.0,7665.714285714285,7576.285714285715,7755.766666666666,2388.0980377897467,7367.038223762093,7579.3214492116695,7901.328125
2024-05-08,2024-05-08,6072,Wednesday,2024,5,2,19,8,2,Wednesday,0,0,5401.0,9643.0,10255.0,4905.0,7155.571428571428,7277.5,7794.666666666667,2274.005999489511,7043.27866782157,7378.345254051191,7887.147286821705
2024-05-09,2024-05-09,8223,Thursday,2024,5,2,19,9,3,Thursday,0,0,6072.0,5451.0,3928.0,6955.0,7551.571428571428,7584.285714285715,7836.933333333333,2166.5159324856777,7338.209000866178,7490.96588778277,7889.7307692307695
2024-05-10,2024-05-10,6873,Friday,2024,5,2,19,10,4,Friday,0,0,8223.0,5519.0,6321.0,4960.0,7745.0,7623.714285714285,7900.7,2009.55874095119,7221.906750649634,7408.570435483386,7881.969465648855
2024-05-11,2024-05-11,6584,Saturday,2024,5,2,19,11,5,Saturday,1,0,6873.0,11297.0,11178.0,4869.0,7071.714285714285,7295.571428571428,7957.866666666667,1277.2352581893088,7062.430062987226,7298.627710064182,7872.136363636364
2024-05-12,2024-05-12,8456,Sunday,2024,5,2,19,12,6,Sunday,1,0,6584.0,9165.0,6248.0,5369.0,6970.428571428572,7453.285714285715,8060.766666666666,1099.2853522695063,7410.82254724042,7452.944016225986,7876.526315789473
2024-05-13,2024-05-13,5856,Monday,2024,5,2,20,13,0,Monday,0,0,8456.0,7184.0,6568.0,10735.0,6780.714285714285,7402.428571428572,7898.133333333333,1168.6864013763118,7022.116910430315,7240.018146394913,7861.44776119403
2024-05-14,2024-05-14,6911,Tuesday,2024,5,2,20,14,1,Tuesday,0,0,5856.0,5401.0,7910.0,16350.0,6996.428571428572,7331.071428571428,7583.5,998.5490902876495,6994.3376828227365,7196.149060030198,7854.407407407408
2024-05-15,2024-05-15,9437,Wednesday,2024,5,2,20,15,2,Wednesday,0,0,6911.0,6072.0,9643.0,7225.0,7477.142857142857,7316.357142857143,7657.233333333334,1256.106342176945,7605.003262117053,7494.929186414465,7866.044117647059
2024-05-16,2024-05-16,6123,Thursday,2024,5,2,20,16,3,Thursday,0,0,9437.0,8223.0,5451.0,6238.0,7177.142857142857,7364.357142857143,7653.4,1298.3463108343426,7234.50244658779,7312.005294332769,7853.321167883211
2024-05-17,2024-05-17,8126,Friday,2024,5,2,20,17,4,Friday,0,0,6123.0,6873.0,5519.0,8174.0,7356.142857142857,7550.571428571428,7651.8,1335.2751811981725,7457.376834940842,7420.537922042905,7855.297101449275
2024-05-18,2024-05-18,11598,Saturday,2024,5,2,20,18,5,Saturday,1,0,8126.0,6584.0,11297.0,10999.0,8072.428571428572,7572.071428571428,7671.766666666666,2020.868200975581,8492.532626205631,7977.532867050761,7882.223021582734
2024-05-19,2024-05-19,7897,Sunday,2024,5,2,20,19,6,Sunday,1,0,11598.0,8456.0,9165.0,5912.0,7992.571428571428,7481.5,7737.933333333333,2014.2185297812853,8343.649469654223,7966.795151422603,7882.328571428571
2024-05-20,2024-05-20,6536,Monday,2024,5,2,21,20,0,Monday,0,0,7897.0,5856.0,7184.0,14041.0,8089.714285714285,7435.214285714285,7487.766666666666,1907.575399495889,7891.737102240667,7776.022464236903,7872.780141843971
2024-05-21,2024-05-21,4762,Tuesday,2024,5,2,21,21,1,Tuesday,0,0,6536.0,6911.0,5401.0,7318.0,7782.714285714285,7389.571428571428,7402.566666666667,2267.8049382817817,7109.3028266805,7374.152801737362,7850.87323943662
2024-05-22,2024-05-22,6442,Wednesday,2024,5,2,21,22,2,Wednesday,0,0,4762.0,9437.0,6072.0,7080.0,7354.857142857143,7416.0,7381.3,2184.6836863774606,6942.477120010376,7249.8657613445475,7841.020979020979
2024-05-23,2024-05-23,4805,Thursday,2024,5,2,21,23,3,Thursday,0,1,6442.0,6123.0,8223.0,5475.0,7166.571428571428,7171.857142857143,7358.966666666666,2358.431530851445,6408.107840007782,6923.883659465592,7819.9375
2024-05-24,2024-05-24,6447,Friday,2024,5,2,21,24,4,Friday,0,0,4805.0,8126.0,6873.0,10255.0,6926.714285714285,7141.428571428572,7232.033333333334,2329.798111016327,6417.830880005837,6860.299171474916,7810.4689655172415
2024-05-25,2024-05-25,10913,Saturday,2024,5,2,21,25,5,Saturday,1,0,6447.0,11598.0,6584.0,3928.0,6828.857142857143,7450.642857142857,7464.866666666667,2104.3719117250043,7541.6231600043775,7400.659282401058,7831.719178082192
2024-05-26,2024-05-26,7592,Sunday,2024,5,2,21,26,6,Sunday,1,0,10913.0,7897.0,8456.0,6321.0,6785.285714285715,7388.928571428572,7507.233333333334,2081.604166204976,7554.217370003284,7426.171378099581,7830.088435374149
2024-05-27,2024-05-27,6833,Monday,2024,5,2,22,27,0,Monday,0,0,7592.0,6536.0,5856.0,11178.0,6827.714285714285,7458.714285714285,7362.4,2078.7010137972975,7373.913027502463,7347.081860969492,7823.351351351352
2024-05-28,2024-05-28,6318,Tuesday,2024,5,2,22,28,1,Tuesday,0,0,6833.0,4762.0,6911.0,6248.0,7050.0,7416.357142857143,7364.733333333334,1896.1691204461008,7109.934770626847,7209.870946098163,7813.248322147651
2024-05-29,2024-05-29,4611,Wednesday,2024,5,2,22,29,2,Wednesday,0,0,6318.0,6442.0,9437.0,6568.0,6788.428571428572,7071.642857142857,7299.5,2108.4300523646248,6485.201077970136,6863.35481978672,7791.9
2024-05-30,2024-05-30,8264,Thursday,2024,5,2,22,30,3,Thursday,0,0,4611.0,4805.0,6123.0,7910.0,7282.571428571428,7224.571428571428,7311.3,1966.678490682778,6929.900808477602,7050.1075105589025,7795.026490066225
2024-05-31,2024-05-31,6861,Friday,2024,5,2,22,31,4,Friday,0,0,8264.0,6447.0,8126.0,9643.0,7341.714285714285,7134.214285714285,7218.566666666667,1943.450686646969,6912.6756063582025,7024.8931758086965,7788.881578947368
2024-06-01,2024-06-01,10004,Saturday,2024,6,2,22,1,5,Saturday,1,0,6861.0,10913.0,11598.0,5451.0,7211.857142857143,7020.357142857143,7370.333333333333,1677.1825013567093,7685.5067047686525,7422.1074191573425,7803.359477124183
2024-06-02,2024-06-02,5718,Sunday,2024,6,2,22,2,6,Sunday,1,0,10004.0,7592.0,7897.0,5519.0,6944.142857142857,6864.714285714285,7376.966666666666,1754.1878869884918,7193.630028576489,7194.893096541985,7789.818181818182
2024-06-03,2024-06-03,8463,Monday,2024,6,2,23,3,0,Monday,0,0,5718.0,6833.0,6536.0,11297.0,7177.0,7002.357142857143,7282.5,1842.9174334914387,7510.972521432367,7363.974017042424,7794.1612903225805
2024-06-04,2024-06-04,4363,Tuesday,2024,6,2,23,4,1,Tuesday,0,0,8463.0,6318.0,4762.0,9165.0,6897.714285714285,6973.857142857143,7122.433333333333,2121.8223075370643,6723.979391074276,6963.8441480226875,7772.166666666667
2024-06-05,2024-06-05,7057,Wednesday,2024,6,2,23,5,2,Wednesday,0,0,4363.0,4611.0,6442.0,7184.0,7247.142857142857,7017.785714285715,7118.2,1868.7958180400055,6807.234543305707,6976.264928288501,7767.611464968153
2024-06-06,2024-06-06,5821,Thursday,2024,6,2,23,6,3,Thursday,0,0,7057.0,8264.0,4805.0,5401.0,6898.142857142857,7090.357142857143,7132.2,1875.3517384365928,6560.675907479281,6822.229604493353,7755.291139240507
2024-06-07,2024-06-07,10971,Friday,2024,6,2,23,7,4,Friday,0,0,5821.0,6861.0,6447.0,6072.0,7485.285714285715,7413.5,7295.5,2424.7093787562612,7663.256930609461,7375.398990633573,7775.5157232704405
2024-06-08,2024-06-08,8897,Saturday,2024,6,2,23,8,5,Saturday,1,0,10971.0,10004.0,10913.0,8223.0,7327.142857142857,7269.5,7317.966666666666,2263.8184871709896,7971.692697957096,7578.2791252388615,7782.525
2024-06-09,2024-06-09,8897,Sunday,2024,6,2,23,9,6,Sunday,1,0,8897.0,5718.0,7592.0,6873.0,7781.285714285715,7362.714285714285,7385.433333333333,2205.3206655938357,8203.019523467823,7754.108575224362,7789.447204968944
2024-06-10,2024-06-10,12906,Monday,2024,6,2,24,10,0,Monday,0,0,8897.0,8463.0,6833.0,6584.0,8416.0,7796.5,7596.166666666667,2948.4052751727777,9378.764642600867,8441.027431919854,7821.030864197531
2024-06-11,2024-06-11,3982,Tuesday,2024,6,2,24,11,1,Tuesday,0,0,12906.0,4363.0,6318.0,8456.0,8361.57142857143,7629.642857142857,7447.033333333334,3037.8548274038617,8029.57348195065,7846.490440953145,7797.478527607362
2024-06-12,2024-06-12,6547,Wednesday,2024,6,2,24,12,2,Wednesday,0,0,3982.0,7057.0,4611.0,5856.0,8288.714285714286,7767.928571428572,7470.066666666667,3080.1779555888056,7658.930111462987,7673.22504881493,7789.8536585365855
2024-06-13,2024-06-13,5572,Thursday,2024,6,2,24,13,3,Thursday,0,0,6547.0,5821.0,8264.0,6911.0,8253.142857142857,7575.642857142857,7425.433333333333,3114.6707385410427,7137.197583597241,7393.061708957343,7776.412121212121
2024-06-14,2024-06-14,4353,Friday,2024,6,2,24,14,4,Friday,0,0,5572.0,10971.0,6861.0,9437.0,7307.714285714285,7396.5,7255.966666666666,3156.331294096873,6441.148187697931,6987.7201477434755,7755.789156626506
2024-06-15,2024-06-15,6454,Saturday,2024,6,2,24,15,5,Saturday,1,0,4353.0,8897.0,10004.0,6123.0,6958.714285714285,7142.928571428572,7267.0,3085.5835598411386,6444.361140773448,6916.557461374704,7747.994011976048
2024-06-16,2024-06-16,8828,Sunday,2024,6,2,24,16,6,Sunday,1,0,6454.0,8897.0,5718.0,8126.0,6948.857142857143,7365.071428571428,7290.4,3078.461543724476,7040.270855580086,7171.416466533979,7754.422619047619
2024-06-17,2024-06-17,6022,Monday,2024,6,2,25,17,0,Monday,0,1,8828.0,12906.0,8463.0,11598.0,5965.428571428572,7190.714285714285,7104.533333333334,1605.3630801309816,6785.703141685065,7018.160937657968,7744.171597633136
2024-06-18,2024-06-18,4470,Tuesday,2024,6,2,25,18,1,Tuesday,0,0,6022.0,3982.0,4363.0,7897.0,6035.142857142857,7198.357142857143,6990.3,1512.8031848824517,6206.777356263799,6678.406145960992,7724.911764705882
2024-06-19,2024-06-19,6339,Wednesday,2024,6,2,25,19,2,Wednesday,0,0,4470.0,6547.0,7057.0,6536.0,6005.428571428572,7147.071428571428,6983.733333333334,1503.0852556373172,6239.83301719785,6633.1519931651255,7716.80701754386
2024-06-20,2024-06-20,5537,Thursday,2024,6,2,25,20,3,Thursday,0,0,6339.0,5572.0,5821.0,4762.0,6000.428571428572,7126.785714285715,7009.566666666667,1504.8245586715302,6064.1247628983865,6486.998394073455,7704.133720930233
2024-06-21,2024-06-21,4966,Friday,2024,6,2,25,21,4,Friday,0,0,5537.0,4353.0,10971.0,6442.0,6088.0,6697.857142857143,6960.366666666667,1407.6766911001544,5789.59357217379,6284.1986081934,7688.306358381503
2024-06-22,2024-06-22,11154,Saturday,2024,6,2,25,22,5,Saturday,1,0,4966.0,6454.0,8897.0,4805.0,6759.428571428572,6859.071428571428,7172.0,2389.700389668328,7130.695179130343,6933.50546044425,7708.224137931034
2024-06-23,2024-06-23,10399,Sunday,2024,6,2,25,23,6,Sunday,1,0,11154.0,8828.0,8897.0,6447.0,6983.857142857143,6966.357142857143,7303.733333333334,2673.291443680832,7947.771384347758,7395.571399057833,7723.6
2024-06-24,2024-06-24,5761,Monday,2024,6,2,26,24,0,Monday,0,0,10399.0,6022.0,12906.0,10913.0,6946.571428571428,6456.0,7132.0,2690.706280089726,7401.078538260818,7177.628545847609,7712.448863636364
2024-06-25,2024-06-25,4919,Tuesday,2024,6,2,26,25,1,Tuesday,0,0,5761.0,4470.0,3982.0,7592.0,7010.714285714285,6522.928571428572,7042.9,2626.4120465180713,6780.5589036956135,6876.478073064917,7696.666666666667
2024-06-26,2024-06-26,5656,Wednesday,2024,6,2,26,26,2,Wednesday,0,0,4919.0,6339.0,6547.0,6833.0,6913.142857142857,6459.285714285715,7003.666666666667,2667.8846444684377,6499.419177771711,6713.747663321518,7685.202247191011
2024-06-27,2024-06-27,6792,Thursday,2024,6,2,26,27,3,Thursday,0,0,5656.0,5537.0,5572.0,6318.0,7092.428571428572,6546.428571428572,7019.466666666666,2601.33150887149,6572.564383328783,6724.181308212061,7680.212290502794
2024-06-28,2024-06-28,4496,Friday,2024,6,2,26,28,4,Friday,0,0,6792.0,4966.0,4353.0,4611.0,7025.285714285715,6556.642857142857,7015.633333333333,2670.5099209879827,6053.423287496586,6427.090467115186,7662.522222222222
2024-06-29,2024-06-29,11380,Saturday,2024,6,2,26,29,5,Saturday,1,0,4496.0,11154.0,6454.0,8264.0,7057.571428571428,6908.5,7119.5,2729.459583699239,7385.06746562244,7087.478404836885,7683.060773480663
2024-06-30,2024-06-30,8340,Sunday,2024,6,2,26,30,6,Sunday,1,0,11380.0,10399.0,8828.0,6861.0,6763.428571428572,6873.642857142857,7168.8,2400.4699440694853,7623.80059921683,7254.481284192782,7686.67032967033
2024-07-01,2024-07-01,7381,Monday,2024,7,3,27,1,0,Monday,0,0,8340.0,5761.0,6022.0,10004.0,6994.857142857143,6970.714285714285,7081.366666666667,2365.55676522966,7563.100449412623,7271.350446300483,7685.0
2024-07-02,2024-07-02,4784,Tuesday,2024,7,3,27,2,1,Tuesday,0,0,7381.0,4919.0,4470.0,5718.0,6975.571428571428,6993.142857142857,7050.233333333334,2385.7652760447654,6868.3253370594675,6939.703720125868,7669.233695652174
2024-07-03,2024-07-03,7511,Wednesday,2024,7,3,27,3,2,Wednesday,0,0,4784.0,5656.0,6339.0,8463.0,7240.571428571428,7076.857142857143,7018.5,2316.790010419795,7028.994002794601,7015.876557442662,7668.378378378378
2024-07-04,2024-07-04,5583,Thursday,2024,7,3,27,4,3,Thursday,0,0,7511.0,6792.0,5537.0,4363.0,7067.857142857143,7080.142857142857,7059.166666666667,2399.396134347935,6667.495502095951,6824.826349783113,7657.166666666667
2024-07-05,2024-07-05,8115,Friday,2024,7,3,27,5,4,Friday,0,0,5583.0,4496.0,4966.0,7057.0,7584.857142857143,7305.071428571428,7094.433333333333,2127.347599599983,7029.371626571964,6996.849503145776,7659.614973262032
2024-07-06,2024-07-06,10426,Saturday,2024,7,3,27,6,5,Saturday,1,0,8115.0,11380.0,11154.0,5821.0,7448.571428571428,7253.071428571428,7247.933333333333,1857.0861456542486,7878.528719928973,7454.069569393952,7674.329787234043
2024-07-07,2024-07-07,12632,Sunday,2024,7,3,27,7,6,Sunday,1,0,10426.0,8340.0,10399.0,10971.0,8061.714285714285,7412.571428571428,7303.3,2712.1421861870062,9066.896539946729,8144.460293475998,7700.560846560847
2024-07-08,2024-07-08,9071,Monday,2024,7,3,28,8,0,Monday,0,0,12632.0,7381.0,5761.0,8897.0,8303.142857142857,7649.0,7309.1,2716.663482323578,9067.922404960047,8267.998921012724,7707.773684210526
2024-07-09,2024-07-09,4412,Tuesday,2024,7,3,28,9,1,Tuesday,0,0,9071.0,4784.0,4919.0,8897.0,8250.0,7612.785714285715,7159.6,2799.3576644175587,7903.941803720035,7753.865731543668,7690.51832460733
2024-07-10,2024-07-10,7075,Wednesday,2024,7,3,28,10,2,Wednesday,0,0,4412.0,7511.0,5656.0,12906.0,8187.714285714285,7714.142857142857,6965.233333333334,2823.2890815669643,7696.706352790026,7663.350300671073,7687.3125
2024-07-11,2024-07-11,6057,Thursday,2024,7,3,28,11,3,Thursday,0,0,7075.0,5583.0,6792.0,3982.0,8255.42857142857,7661.642857142857,7034.4,2755.2700325704823,7286.77976459252,7449.17026058138,7678.865284974093
2024-07-12,2024-07-12,5648,Friday,2024,7,3,28,12,4,Friday,0,0,6057.0,8115.0,4496.0,6547.0,7903.0,7743.928571428572,7004.433333333333,2928.554819929675,6877.08482344439,7209.014225836985,7668.396907216495
2024-07-13,2024-07-13,14420,Saturday,2024,7,3,28,13,5,Saturday,1,0,5648.0,10426.0,11380.0,5572.0,8473.57142857143,7961.071428571428,7299.366666666667,3770.178990319639,8762.813617583293,8170.478995726118,7703.0205128205125
2024-07-14,2024-07-14,7726,Sunday,2024,7,3,28,14,6,Sunday,1,0,14420.0,12632.0,8340.0,4353.0,7772.714285714285,7917.214285714285,7411.8,3294.2735018152184,8503.61021318747,8111.215129629264,7703.1377551020405
2024-07-15,2024-07-15,7396,Monday,2024,7,3,29,15,0,Monday,0,0,7726.0,9071.0,7381.0,6454.0,7533.428571428572,7918.285714285715,7443.2,3244.713436609508,8226.707659890602,8015.853112345308,7701.578680203046
2024-07-16,2024-07-16,6070,Tuesday,2024,7,3,29,16,1,Tuesday,0,0,7396.0,4412.0,4784.0,8828.0,7770.285714285715,8010.142857142857,7351.266666666666,3032.4519624821596,7687.530744917952,7756.406030699138,7693.338383838384
2024-07-17,2024-07-17,4291,Wednesday,2024,7,3,29,17,2,Wednesday,0,1,6070.0,7075.0,7511.0,6022.0,7372.571428571428,7780.142857142857,7293.566666666667,3308.8104537805752,6838.398058688464,7294.351893272388,7676.24120603015
2024-07-18,2024-07-18,6863,Thursday,2024,7,3,29,18,3,Thursday,0,0,4291.0,6057.0,5583.0,4470.0,7487.714285714285,7871.571428571428,7373.333333333333,3269.186683477799,6844.548544016348,7236.838307502715,7672.175
2024-07-19,2024-07-19,6538,Friday,2024,7,3,29,19,4,Friday,0,0,6863.0,5648.0,8115.0,6339.0,7614.857142857143,7758.928571428572,7379.966666666666,3202.3361487395114,6767.911408012262,7143.659866502323,7666.532338308458
2024-07-20,2024-07-20,10403,Saturday,2024,7,3,29,20,5,Saturday,1,0,6538.0,14420.0,10426.0,5537.0,7041.0,7757.285714285715,7542.166666666667,1856.8938221305662,7676.683556009197,7578.238550968801,7680.079207920792
2024-07-21,2024-07-21,6559,Sunday,2024,7,3,29,21,6,Sunday,1,0,10403.0,7726.0,12632.0,4966.0,6874.285714285715,7323.5,7595.266666666666,1837.428974979777,7397.262667006898,7442.340077506261,7674.556650246305
2024-07-22,2024-07-22,4581,Monday,2024,7,3,30,22,0,Monday,0,0,6559.0,7396.0,9071.0,11154.0,6472.142857142857,7002.785714285715,7376.166666666667,2004.6534553858605,6693.197000255173,7060.828067172013,7659.392156862745
2024-07-23,2024-07-23,6741,Tuesday,2024,7,3,30,23,1,Tuesday,0,0,4581.0,6070.0,4412.0,10399.0,6568.0,7169.142857142857,7254.233333333334,1998.2516524869088,6705.1477501913805,7018.184324882404,7654.912195121951
2024-07-24,2024-07-24,7710,Wednesday,2024,7,3,30,24,2,Wednesday,0,0,6741.0,4291.0,7075.0,5761.0,7056.428571428572,7214.5,7319.2,1751.5495860468661,6956.360812643536,7110.426414898098,7655.179611650486
2024-07-25,2024-07-25,6892,Thursday,2024,7,3,30,25,3,Thursday,0,0,7710.0,6863.0,6057.0,4919.0,7060.571428571428,7274.142857142857,7384.966666666666,1751.0500523155474,6940.270609482652,7081.302892911682,7651.492753623188
2024-07-26,2024-07-26,6814,Friday,2024,7,3,30,26,4,Friday,0,0,6892.0,6538.0,5648.0,5656.0,7100.0,7357.428571428572,7423.566666666667,1740.397081128326,6908.702957111989,7045.66250719012,7647.466346153846
2024-07-27,2024-07-27,12623,Saturday,2024,7,3,30,27,5,Saturday,1,0,6814.0,10403.0,14420.0,6792.0,7417.142857142857,7229.071428571428,7617.933333333333,2485.409250577687,8337.277217833993,7789.307506231513,7671.272727272727
2024-07-28,2024-07-28,10185,Sunday,2024,7,3,30,28,6,Sunday,1,0,12623.0,6559.0,7726.0,4496.0,7935.142857142857,7404.714285714285,7807.566666666667,2649.2109157616114,8799.207913375494,8108.733172067339,7683.242857142857
2024-07-29,2024-07-29,4748,Monday,2024,7,3,31,29,0,Monday,0,0,10185.0,4581.0,7396.0,11380.0,7959.0,7215.571428571428,7586.5,2614.4958723751442,7786.40593503162,7660.63541579166,7669.331753554502
2024-07-30,2024-07-30,4060,Tuesday,2024,7,3,31,30,1,Tuesday,0,0,4748.0,6741.0,6070.0,8340.0,7576.0,7072.0,7443.833333333333,2991.8050850058175,6854.804451273715,7180.550693686073,7652.306603773585
2024-07-31,2024-07-31,3899,Wednesday,2024,7,3,31,31,2,Wednesday,0,0,4060.0,7710.0,4291.0,7381.0,7031.571428571428,7044.0,7327.766666666666,3294.7671064453534,6115.853338455286,6743.010601194572,7634.68544600939
2024-08-01,2024-08-01,13105,Thursday,2024,8,3,31,1,3,Thursday,0,0,3899.0,6892.0,6863.0,4784.0,7919.142857142857,7489.857142857143,7605.133333333333,4010.1021362126353,7863.140003841465,7591.2758543686705,7660.247663551402
2024-08-02,2024-08-02,3712,Friday,2024,8,3,31,2,4,Friday,0,0,13105.0,6814.0,6538.0,7511.0,7476.0,7288.0,7478.5,4312.57069507272,6825.355002881099,7074.039073786159,7641.883720930233
2024-08-03,2024-08-03,8250,Saturday,2024,8,3,31,3,5,Saturday,1,0,3712.0,12623.0,10403.0,5583.0,6851.285714285715,7134.214285714285,7567.4,3718.5388579514993,7181.5162521608245,7230.83386394801,7644.699074074074
2024-08-04,2024-08-04,7462,Sunday,2024,8,3,31,4,6,Sunday,1,0,8250.0,10185.0,6559.0,8115.0,6462.285714285715,7198.714285714285,7545.633333333333,3443.962384341894,7251.637189120618,7261.6560154216095,7643.857142857143
2024-08-05,2024-08-05,6815,Monday,2024,8,3,32,5,0,Monday,0,0,7462.0,4748.0,4581.0,10426.0,6757.571428571428,7358.285714285715,7425.266666666666,3360.072859187375,7142.477891840464,7202.10188003206,7640.05504587156
2024-08-06,2024-08-06,6760,Tuesday,2024,8,3,32,6,1,Tuesday,0,0,6815.0,4060.0,6741.0,12632.0,7143.285714285715,7359.642857142857,7229.533333333334,3147.015078572377,7046.858418880348,7143.154962694451,7636.036529680366
2024-08-07,2024-08-07,7559,Wednesday,2024,8,3,32,7,2,Wednesday,0,0,6760.0,3899.0,7710.0,9071.0,7666.142857142857,7348.857142857143,7179.133333333333,2803.450102318655,7174.893814160261,7198.600967668525,7635.686363636363
2024-08-08,2024-08-08,6791,Thursday,2024,8,3,32,8,3,Thursday,0,0,7559.0,13105.0,6892.0,4412.0,6764.142857142857,7341.642857142857,7258.433333333333,1451.7503720878265,7078.920360620196,7144.254171979388,7631.864253393665
2024-08-09,2024-08-09,7026,Friday,2024,8,3,32,9,4,Friday,0,0,6791.0,3712.0,6814.0,7075.0,7237.571428571428,7356.785714285715,7256.8,552.1964798701208,7065.6902704651475,7128.486949048803,7629.135135135135
2024-08-10,2024-08-10,10195,Saturday,2024,8,3,32,10,5,Saturday,1,0,7026.0,8250.0,12623.0,6057.0,7515.428571428572,7183.357142857143,7394.733333333334,1225.45676615468,7848.017702848861,7537.355355842301,7640.641255605381
2024-08-11,2024-08-11,8677,Sunday,2024,8,3,32,11,6,Sunday,1,0,10195.0,7462.0,10185.0,5648.0,7689.0,7075.642857142857,7495.7,1300.3826359960367,8055.263277136645,7689.30797506333,7645.267857142857
2024-08-12,2024-08-12,9145,Monday,2024,8,3,33,12,0,Monday,0,0,8677.0,6815.0,4748.0,14420.0,8021.857142857143,7389.714285714285,7319.866666666667,1337.065995450665,8327.697457852484,7883.400245054888,7651.933333333333
2024-08-13,2024-08-13,9423,Tuesday,2024,8,3,33,13,1,Tuesday,0,0,9145.0,6760.0,4060.0,7726.0,8402.285714285714,7772.785714285715,7376.433333333333,1296.4251764352775,8601.523093389364,8088.680212380905,7659.769911504425
2024-08-14,2024-08-14,8968,Wednesday,2024,8,3,33,14,2,Wednesday,0,0,9423.0,7559.0,3899.0,7396.0,8603.57142857143,8134.857142857143,7428.833333333333,1252.3045232880147,8693.142320042023,8205.922850730118,7665.533039647577
2024-08-15,2024-08-15,9349,Thursday,2024,8,3,33,15,3,Thursday,0,1,8968.0,6791.0,13105.0,6070.0,8969.0,7866.571428571428,7538.133333333333,978.526272854577,8857.106740031517,8358.333137299436,7672.916666666667
2024-08-16,2024-08-16,3786,Friday,2024,8,3,33,16,4,Friday,0,0,9349.0,7026.0,3712.0,4291.0,8506.142857142857,7871.857142857143,7521.3,2134.387689601824,7589.330055023637,7748.688718992842,7655.943231441048
2024-08-17,2024-08-17,9450,Saturday,2024,8,3,33,17,5,Saturday,1,0,3786.0,10195.0,8250.0,6863.0,8399.714285714286,7957.571428571428,7607.533333333334,2053.168422567563,8054.497541267728,7975.530223127131,7663.74347826087
2024-08-18,2024-08-18,9439,Sunday,2024,8,3,33,18,6,Sunday,1,0,9450.0,8677.0,7462.0,6538.0,8508.57142857143,8098.785714285715,7704.233333333334,2090.18666288786,8400.623155950796,8170.659526710181,7671.428571428572
2024-08-19,2024-08-19,9048,Monday,2024,8,3,34,19,0,Monday,0,0,9439.0,9145.0,6815.0,10403.0,8494.714285714286,8258.285714285714,7659.066666666667,2085.5806317255096,8562.467366963096,8287.638256482158,7677.362068965517
2024-08-20,2024-08-20,7770,Tuesday,2024,8,3,34,20,1,Tuesday,0,0,9048.0,9423.0,6760.0,6559.0,8258.57142857143,8330.42857142857,7699.433333333333,2056.3329705362135,8364.35052522232,8218.619822284536,7677.759656652361
2024-08-21,2024-08-21,8269,Wednesday,2024,8,3,34,21,2,Wednesday,0,0,7770.0,8968.0,7559.0,4581.0,8158.714285714285,8381.142857142857,7822.366666666667,2032.980219143456,8340.512893916739,8225.337179313265,7680.286324786325
2024-08-22,2024-08-22,6922,Thursday,2024,8,3,34,22,3,Thursday,0,0,8269.0,9349.0,6791.0,6741.0,7812.0,8390.5,7828.4,2002.8836711102324,7985.884670437554,8051.558888738163,7677.059574468085
2024-08-23,2024-08-23,7383,Friday,2024,8,3,34,23,4,Friday,0,0,6922.0,3786.0,7026.0,7710.0,8325.857142857143,8416.0,7817.5,1016.2249469763798,7835.163502828165,7962.4177035730745,7675.813559322034
2024-08-24,2024-08-24,10458,Saturday,2024,8,3,34,24,5,Saturday,1,0,7383.0,9450.0,10195.0,6892.0,8469.857142857143,8434.785714285714,7936.366666666667,1247.227783068172,8490.872627121125,8295.162009763331,7687.552742616033
2024-08-25,2024-08-25,12357,Sunday,2024,8,3,34,25,6,Sunday,1,0,10458.0,9439.0,8677.0,6814.0,8886.714285714286,8697.642857142857,8121.133333333333,1927.3347498800624,9457.404470340844,8836.740408461554,7707.172268907563
2024-08-26,2024-08-26,3046,Monday,2024,8,3,35,26,0,Monday,0,1,12357.0,9048.0,9145.0,12623.0,8029.285714285715,8262.0,7801.9,2922.024396104279,7854.553352755633,8064.641687333346,7687.669456066946
2024-08-27,2024-08-27,8715,Tuesday,2024,8,3,35,27,1,Tuesday,0,0,3046.0,7770.0,9423.0,10185.0,8164.285714285715,8211.42857142857,7752.9,2929.868012629336,8069.6650145667245,8151.356129022233,7691.95
2024-08-28,2024-08-28,11894,Wednesday,2024,8,3,35,28,2,Wednesday,0,0,8715.0,8269.0,8968.0,4748.0,8682.142857142857,8420.42857142857,7991.1,3253.9035751218075,9025.748760925044,8650.375311819269,7709.385892116183
2024-08-29,2024-08-29,8218,Thursday,2024,8,3,35,29,3,Thursday,0,0,11894.0,6922.0,9349.0,4060.0,8867.285714285714,8339.642857142857,8129.7,3172.9248186431882,8823.811570693782,8592.725270243367,7711.487603305785
2024-08-30,2024-08-30,7053,Friday,2024,8,3,35,30,4,Friday,0,0,8218.0,7383.0,3786.0,3899.0,8820.142857142857,8573.0,8234.833333333334,3200.981173982515,8381.108678020337,8387.428567544252,7708.777777777777
2024-08-31,2024-08-31,8952,Saturday,2024,8,3,35,31,5,Saturday,1,0,7053.0,10458.0,9450.0,13105.0,8605.0,8537.42857142857,8096.4,3122.1917515318205,8523.831508515252,8462.704758538352,7713.872950819672
2024-09-01,2024-09-01,10753,Sunday,2024,9,3,35,1,6,Sunday,1,0,8952.0,12357.0,9439.0,3712.0,8375.857142857143,8631.285714285714,8331.1,2847.7284180302636,9081.123631386437,8768.077457399906,7726.277551020408
2024-09-02,2024-09-02,9907,Monday,2024,9,3,36,2,0,Monday,0,0,10753.0,3046.0,9048.0,8250.0,9356.0,8692.642857142857,8386.333333333334,1626.3253057122372,9287.592723539829,8919.933796413252,7735.142276422765
2024-09-03,2024-09-03,7690,Tuesday,2024,9,3,36,3,1,Tuesday,0,0,9907.0,8715.0,7770.0,7462.0,9209.57142857143,8686.92857142857,8393.933333333332,1736.0966617811412,8888.194542654872,8755.942623558152,7734.95951417004
2024-09-04,2024-09-04,6385,Wednesday,2024,9,3,36,4,2,Wednesday,0,0,7690.0,11894.0,8269.0,6815.0,8422.57142857143,8552.357142857143,8379.6,1555.6699368378115,8262.395906991153,8439.816940417066,7729.5161290322585
2024-09-05,2024-09-05,2395,Thursday,2024,9,3,36,5,3,Thursday,0,0,6385.0,8218.0,6922.0,6760.0,7590.714285714285,8229.0,8234.1,2767.866730551753,6795.546930243364,7633.841348361457,7708.092369477911
2024-09-06,2024-09-06,5974,Friday,2024,9,3,36,6,4,Friday,0,0,2395.0,7053.0,7383.0,7559.0,7436.571428571428,8128.357142857143,8181.266666666666,2832.1024497207545,6590.160197682523,7412.529168579929,7701.156
2024-09-07,2024-09-07,9869,Saturday,2024,9,3,36,7,5,Saturday,1,0,5974.0,8952.0,10458.0,6791.0,7567.571428571428,8086.285714285715,8283.866666666667,2933.2826808397276,7409.870148261893,7740.058612769271,7709.792828685259
2024-09-08,2024-09-08,12836,Sunday,2024,9,3,36,8,6,Sunday,1,0,9869.0,10753.0,12357.0,7026.0,7865.142857142857,8120.5,8477.533333333333,3381.676774844666,8766.40261119642,8419.517464400034,7730.1349206349205
2024-09-09,2024-09-09,7707,Monday,2024,9,3,37,9,0,Monday,0,0,12836.0,9907.0,3046.0,10195.0,7550.857142857143,8453.42857142857,8394.6,3260.3380923135087,8501.551958397315,8324.515135813363,7730.04347826087
2024-09-10,2024-09-10,5640,Tuesday,2024,9,3,37,10,1,Tuesday,0,0,7707.0,7690.0,8715.0,8677.0,7258.0,8233.785714285714,8293.366666666667,3336.926829684265,7786.163968797986,7966.579784371581,7721.814960629921
2024-09-11,2024-09-11,8020,Wednesday,2024,9,3,37,11,2,Wednesday,0,0,5640.0,6385.0,11894.0,9145.0,7491.571428571428,7957.071428571428,8255.866666666667,3322.8278547618092,7844.62297659849,7973.702479788703,7722.98431372549
2024-09-12,2024-09-12,6282,Thursday,2024,9,3,37,12,3,Thursday,0,0,8020.0,2395.0,8218.0,9423.0,8046.857142857143,7818.785714285715,8151.166666666667,2568.2918077048453,7453.967232448867,7748.14214915021,7717.35546875
2024-09-13,2024-09-13,4185,Friday,2024,9,3,37,13,4,Friday,0,0,6282.0,5974.0,7053.0,8968.0,7791.285714285715,7613.928571428572,7991.733333333334,2879.141174857863,6636.725424336651,7273.056529263515,7703.610894941634
2024-09-14,2024-09-14,10393,Saturday,2024,9,3,37,14,5,Saturday,1,0,4185.0,9869.0,8952.0,9349.0,7866.142857142857,7716.857142857143,8026.533333333334,2948.149669910008,7575.794068252489,7689.048992028379,7714.03488372093
2024-09-15,2024-09-15,11430,Sunday,2024,9,3,37,15,6,Sunday,1,0,10393.0,12836.0,10753.0,3786.0,7665.285714285715,7765.214285714285,8281.333333333334,2577.7480943830124,8539.345551189366,8187.842459757929,7728.382239382239
2024-09-16,2024-09-16,5443,Monday,2024,9,3,38,16,0,Monday,0,1,11430.0,7707.0,9907.0,9450.0,7341.857142857143,7446.357142857143,8147.766666666666,2710.266987375442,7765.259163392025,7821.863465123538,7719.592307692307
2024-09-17,2024-09-17,6381,Tuesday,2024,9,3,38,17,1,Tuesday,0,0,5443.0,5640.0,7690.0,9439.0,7447.714285714285,7352.857142857143,8045.833333333333,2646.4369577657776,7419.194372544019,7629.7483364404,7714.463601532567
2024-09-18,2024-09-18,7956,Wednesday,2024,9,3,38,18,2,Wednesday,0,0,6381.0,8020.0,6385.0,9048.0,7438.571428571428,7465.071428571428,8009.433333333333,2644.239957413276,7553.395779408014,7673.248558248347,7715.385496183206
2024-09-19,2024-09-19,5316,Thursday,2024,9,3,38,19,3,Thursday,0,0,7956.0,6282.0,2395.0,7770.0,7300.571428571428,7673.714285714285,7927.633333333333,2738.1981214625366,6994.046834556011,7358.948750481901,7706.262357414449
2024-09-20,2024-09-20,6363,Friday,2024,9,3,38,20,4,Friday,0,0,5316.0,4185.0,5974.0,8269.0,7611.714285714285,7701.5,7864.1,2431.7675131671717,6836.285125917008,7226.15558375098,7701.174242424242
2024-09-21,2024-09-21,10287,Saturday,2024,9,3,38,21,5,Saturday,1,0,6363.0,10393.0,9869.0,6922.0,7596.571428571428,7731.357142857143,7976.266666666666,2411.8097532173424,7698.963844437757,7634.268172584183,7710.932075471698
2024-09-22,2024-09-22,7603,Sunday,2024,9,3,38,22,6,Sunday,1,0,10287.0,11430.0,12836.0,7383.0,7049.857142857143,7357.571428571428,7983.6,1737.5053408619558,7674.972883328318,7630.099082906292,7710.526315789473
2024-09-23,2024-09-23,9118,Monday,2024,9,3,39,23,0,Monday,0,0,7603.0,5443.0,7707.0,10458.0,7574.857142857143,7458.357142857143,7938.933333333333,1726.2386305270259,8035.729662496238,7828.485871852119,7715.797752808989
2024-09-24,2024-09-24,4614,Tuesday,2024,9,3,39,24,1,Tuesday,0,0,9118.0,6381.0,5640.0,12357.0,7322.428571428572,7385.071428571428,7680.833333333333,2032.0243483730612,7180.297246872179,7399.88775560517,7704.223880597015
2024-09-25,2024-09-25,7437,Wednesday,2024,9,3,39,25,2,Wednesday,0,0,4614.0,7956.0,8020.0,3046.0,7248.285714285715,7343.428571428572,7827.2,2014.4466332209572,7244.472935154135,7404.836054857814,7703.230483271375
2024-09-26,2024-09-26,5391,Thursday,2024,9,3,39,26,3,Thursday,0,0,7437.0,5316.0,6282.0,8715.0,7259.0,7279.785714285715,7716.4,2002.6211989956262,6781.104701365601,7136.3245808767715,7694.666666666667
2024-09-27,2024-09-27,9845,Friday,2024,9,3,39,27,4,Friday,0,0,5391.0,6363.0,4185.0,11894.0,7756.428571428572,7684.071428571428,7648.1,2168.5434325942456,7547.078526024201,7497.481303426535,7702.60147601476
2024-09-28,2024-09-28,4338,Saturday,2024,9,3,39,28,5,Saturday,1,0,9845.0,10287.0,10393.0,8218.0,6906.571428571428,7251.571428571428,7518.766666666666,2177.2132690776143,6744.808894518151,7076.21712963633,7690.231617647059
2024-09-29,2024-09-29,11181,Sunday,2024,9,3,39,29,6,Sunday,1,0,4338.0,7603.0,11430.0,7053.0,7417.714285714285,7233.785714285715,7656.366666666667,2720.245192029924,7853.856670888614,7623.521512351486,7703.018315018315
2024-09-30,2024-09-30,6720,Monday,2024,9,3,40,30,0,Monday,0,0,11181.0,9118.0,5443.0,8952.0,7075.142857142857,7325.0,7581.966666666666,2619.565830983668,7570.39250316646,7503.051977371289,7699.430656934306
2024-10-01,2024-10-01,4484,Tuesday,2024,10,4,40,1,1,Tuesday,0,0,6720.0,4614.0,6381.0,10753.0,7056.571428571428,7189.5,7373.0,2640.300920800689,6798.794377374846,7100.511713721783,7687.738181818182
2024-10-02,2024-10-02,8471,Wednesday,2024,10,4,40,2,2,Wednesday,0,1,4484.0,7437.0,7956.0,9907.0,7204.285714285715,7226.285714285715,7325.133333333333,2693.519365333872,7216.8457830311345,7283.243485225545,7690.576086956522
2024-10-03,2024-10-03,6005,Thursday,2024,10,4,40,3,3,Thursday,0,0,8471.0,5391.0,5316.0,7690.0,7292.0,7275.5,7268.966666666666,2633.9673498356074,6913.884337273351,7112.811020528806,7684.490974729242
2024-10-04,2024-10-04,6284,Friday,2024,10,4,40,4,4,Friday,0,0,6005.0,9845.0,6363.0,6385.0,6783.285714285715,7269.857142857143,7265.6,2391.423126807254,6756.413252955013,7002.302884458299,7679.453237410072
2024-10-05,2024-10-05,11439,Saturday,2024,10,4,40,5,5,Saturday,1,0,6284.0,4338.0,10287.0,2395.0,7797.714285714285,7352.142857142857,7567.066666666667,2671.0242551179845,7927.0599397162605,7593.862499863859,7692.928315412187
2024-10-06,2024-10-06,6503,Sunday,2024,10,4,40,6,6,Sunday,1,0,11439.0,11181.0,7603.0,5974.0,7129.428571428572,7273.571428571428,7584.7,2232.6981328385987,7571.044954787196,7448.414166548678,7688.678571428572
2024-10-07,2024-10-07,9510,Monday,2024,10,4,41,7,0,Monday,0,0,6503.0,6720.0,9118.0,9869.0,7528.0,7301.571428571428,7572.733333333334,2390.8547983235367,8055.783716090397,7723.29227767552,7695.160142348755
2024-10-08,2024-10-08,9158,Tuesday,2024,10,4,41,8,1,Tuesday,0,0,9510.0,4484.0,4614.0,12836.0,8195.714285714286,7626.142857142857,7450.133333333333,2023.4948080228055,8331.337787067798,7914.586640652118,7700.347517730496
2024-10-09,2024-10-09,7956,Wednesday,2024,10,4,41,9,2,Wednesday,0,0,9158.0,8471.0,7437.0,7707.0,8122.142857142857,7663.214285714285,7458.433333333333,2021.1786518903161,8237.503340300847,7920.1084218985025,7701.250883392227
2024-10-10,2024-10-10,9565,Thursday,2024,10,4,41,10,3,Thursday,0,0,7956.0,6005.0,5391.0,5640.0,8630.714285714286,7961.357142857143,7589.266666666666,1839.3842913944286,8569.377505225635,8139.427298978702,7707.81338028169
2024-10-11,2024-10-11,4259,Friday,2024,10,4,41,11,4,Friday,0,0,9565.0,6284.0,9845.0,8020.0,8341.42857142857,7562.357142857143,7463.9,2356.5165574878315,7491.783128919226,7622.036992448208,7695.712280701754
2024-10-12,2024-10-12,9124,Saturday,2024,10,4,41,12,5,Saturday,1,1,4259.0,11439.0,4338.0,6282.0,8010.714285714285,7904.214285714285,7558.633333333333,1982.039666125593,7899.83734668942,7822.298726788447,7700.706293706294
2024-10-13,2024-10-13,8601,Sunday,2024,10,4,41,13,6,Sunday,1,0,9124.0,6503.0,11181.0,4185.0,8310.42857142857,7719.928571428572,7705.833333333333,1871.6001048250039,8075.128010017065,7926.125563216655,7703.843205574913
2024-10-14,2024-10-14,8566,Monday,2024,10,4,42,14,0,Monday,0,0,8601.0,9510.0,6720.0,10393.0,8175.571428571428,7851.785714285715,7644.933333333333,1803.5317996589265,8197.846007512799,8011.442154787768,7706.836805555556
2024-10-15,2024-10-15,9155,Tuesday,2024,10,4,42,15,1,Tuesday,0,0,8566.0,9158.0,4484.0,11430.0,8175.142857142857,8185.428571428572,7569.1,1803.259773167422,8437.134505634598,8163.916534149399,7711.847750865052
2024-10-16,2024-10-16,5745,Wednesday,2024,10,4,42,16,2,Wednesday,0,0,9155.0,7956.0,8471.0,5443.0,7859.285714285715,7990.714285714285,7579.166666666667,2027.7115766536551,7764.100879225948,7841.394329596146,7705.065517241379
2024-10-17,2024-10-17,4570,Thursday,2024,10,4,42,17,3,Thursday,0,0,5745.0,9565.0,6005.0,6381.0,7145.714285714285,7888.214285714285,7518.8,2199.0655374715993,6965.575659419461,7405.208418983327,7694.292096219931
2024-10-18,2024-10-18,7134,Friday,2024,10,4,42,18,4,Friday,0,0,4570.0,4259.0,6284.0,7956.0,7556.428571428572,7948.928571428572,7491.4,1802.8472718769888,7007.681744564596,7369.047296452217,7692.373287671233
2024-10-19,2024-10-19,14234,Saturday,2024,10,4,42,19,5,Saturday,1,0,7134.0,9124.0,11439.0,5316.0,8286.42857142857,8148.571428571428,7788.666666666667,3106.5503299288366,8814.261308423447,8284.374323591921,7714.699658703072
2024-10-20,2024-10-20,9479,Sunday,2024,10,4,42,20,6,Sunday,1,0,14234.0,8601.0,6503.0,6363.0,8411.857142857143,8361.142857142857,7892.533333333334,3138.9243077085853,8980.445981317585,8443.657747112999,7720.700680272109
2024-10-21,2024-10-21,8222,Monday,2024,10,4,43,21,0,Monday,0,0,9479.0,8566.0,9510.0,10287.0,8362.714285714286,8269.142857142857,7823.7,3138.80166699999,8790.834485988189,8414.103380831266,7722.4
2024-10-22,2024-10-22,8101,Tuesday,2024,10,4,43,22,1,Tuesday,0,0,8222.0,9155.0,9158.0,7603.0,8212.142857142857,8193.642857142857,7840.3,3119.6829661880424,8618.375864491141,8372.356263387097,7723.679054054054
2024-10-23,2024-10-23,6817,Wednesday,2024,10,4,43,23,2,Wednesday,0,0,8101.0,5745.0,7956.0,9118.0,8365.285714285714,8112.285714285715,7763.6,3002.498721303405,8168.0318983683555,8164.975428268817,7720.626262626262
2024-10-24,2024-10-24,9326,Thursday,2024,10,4,43,24,3,Thursday,0,0,6817.0,4570.0,9565.0,4614.0,9044.714285714286,8095.214285714285,7920.666666666667,2495.9102357180054,8457.523923776267,8319.778704499642,7726.013422818792
2024-10-25,2024-10-25,7551,Friday,2024,10,4,43,25,4,Friday,0,0,9326.0,7134.0,4259.0,7437.0,9104.285714285714,8330.357142857143,7924.466666666666,2447.2065513074103,8230.892942832199,8217.274877233023,7725.428093645485
2024-10-26,2024-10-26,10586,Saturday,2024,10,4,43,26,5,Saturday,1,0,7551.0,14234.0,9124.0,5391.0,8583.142857142857,8434.785714285714,8097.633333333333,1285.385730506795,8819.669707124149,8533.104893601954,7734.963333333333
2024-10-27,2024-10-27,9445,Sunday,2024,10,4,43,27,6,Sunday,1,0,10586.0,9479.0,8601.0,9845.0,8578.285714285714,8495.07142857143,8084.3,1281.4946630511506,8976.002280343111,8654.69090778836,7740.644518272426
2024-10-28,2024-10-28,6163,Monday,2024,10,4,44,28,0,Monday,0,0,9445.0,8222.0,8566.0,4338.0,8284.142857142857,8323.42857142857,8145.133333333333,1578.7335038537979,8272.751710257333,8322.465453416578,7735.420529801325
2024-10-29,2024-10-29,6565,Tuesday,2024,10,4,44,29,1,Tuesday,0,0,6163.0,8101.0,9155.0,11181.0,8064.714285714285,8138.428571428572,7991.266666666666,1709.740010867711,7845.813782693,8088.136726294368,7731.557755775578
2024-10-30,2024-10-30,5450,Wednesday,2024,10,4,44,30,2,Wednesday,0,0,6565.0,6817.0,5745.0,6720.0,7869.428571428572,8117.357142857143,7948.933333333333,1938.73883896576,7246.86033701975,7736.385162788452,7724.0526315789475
2024-10-31,2024-10-31,8908,Thursday,2024,10,4,44,31,3,Thursday,0,1,5450.0,9326.0,4570.0,4484.0,7809.714285714285,8427.214285714286,8096.4,1892.279024024185,7662.1452527648125,7892.6004744166585,7727.934426229508
2024-11-01,2024-11-01,6918,Friday,2024,11,4,44,1,4,Friday,0,0,8908.0,7551.0,7134.0,8471.0,7719.285714285715,8411.785714285714,8044.633333333333,1921.6008703062985,7476.10893957361,7762.653744494438,7725.287581699346
2024-11-02,2024-11-02,12484,Saturday,2024,11,4,44,2,5,Saturday,1,0,6918.0,10586.0,14234.0,6005.0,7990.428571428572,8286.785714285714,8260.6,2453.742777686291,8728.081704680208,8392.166578561846,7740.788273615635
2024-11-03,2024-11-03,8170,Sunday,2024,11,4,44,3,6,Sunday,1,0,12484.0,9445.0,9479.0,6284.0,7808.285714285715,8193.285714285714,8323.466666666667,2373.7929363703824,8588.561278510157,8362.544368086932,7742.181818181818
2024-11-04,2024-11-04,8395,Monday,2024,11,4,45,4,0,Monday,0,0,8170.0,6163.0,8222.0,11439.0,8127.142857142857,8205.642857142857,8222.0,2263.2917346622576,8540.170958882618,8366.871785675341,7744.294498381877
2024-11-05,2024-11-05,7768,Tuesday,2024,11,4,45,5,1,Tuesday,0,0,8395.0,6565.0,8101.0,6503.0,8299.0,8181.857142857143,8264.166666666666,2168.597319313419,8347.128219161963,8287.022214251961,7744.370967741936
2024-11-06,2024-11-06,9505,Wednesday,2024,11,4,45,6,2,Wednesday,0,0,7768.0,5450.0,6817.0,9510.0,8878.285714285714,8373.857142857143,8264.0,1789.1113915652593,8636.59616437147,8449.4192523517,7750.032154340836
2024-11-07,2024-11-07,5750,Thursday,2024,11,4,45,7,3,Thursday,0,0,9505.0,8908.0,9326.0,9158.0,8427.142857142857,8118.428571428572,8150.4,2143.4433690187593,7914.947123278603,8089.496685371473,7743.621794871795
2024-11-08,2024-11-08,7755,Friday,2024,11,4,45,8,4,Friday,0,0,5750.0,6918.0,7551.0,7956.0,8546.714285714286,8133.0,8143.7,2067.2154954822477,7874.960342458952,8044.897127321944,7743.658146964856
2024-11-09,2024-11-09,11763,Saturday,2024,11,4,45,9,5,Saturday,1,0,7755.0,12484.0,10586.0,9565.0,8443.714285714286,8217.07142857143,8216.966666666667,1844.2835749314465,8846.970256844214,8540.644177012351,7756.458598726114
2024-11-10,2024-11-10,7077,Sunday,2024,11,4,45,10,6,Sunday,1,0,11763.0,8170.0,9445.0,4259.0,8287.57142857143,8047.928571428572,8310.9,1916.1861302374307,8404.47769263316,8345.491620077371,7754.3015873015875
2024-11-11,2024-11-11,7179,Monday,2024,11,4,46,11,0,Monday,0,0,7077.0,8395.0,6163.0,9124.0,8113.857142857143,8120.5,8246.066666666668,1959.454382268312,8098.108269474869,8189.9594040670545,7752.481012658228
2024-11-12,2024-11-12,9416,Tuesday,2024,11,4,46,12,1,Tuesday,0,0,7179.0,7768.0,6565.0,8601.0,8349.285714285714,8324.142857142857,8273.233333333334,2009.3424060527657,8427.581202106152,8353.43148352478,7757.728706624605
2024-11-13,2024-11-13,6123,Wednesday,2024,11,4,46,13,2,Wednesday,0,0,9416.0,9505.0,5450.0,8566.0,7866.142857142857,8372.214285714286,8191.8,2090.112630822518,7851.4359015796135,8056.04061905481,7752.588050314465
2024-11-14,2024-11-14,8991,Thursday,2024,11,4,46,14,3,Thursday,0,0,6123.0,5750.0,8908.0,9155.0,8329.142857142857,8378.142857142857,8186.333333333333,1892.8851372592992,8136.32692618471,8180.701869847502,7756.470219435737
2024-11-15,2024-11-15,4676,Friday,2024,11,4,46,15,4,Friday,0,1,8991.0,7755.0,6918.0,5745.0,7889.285714285715,8218.0,8150.7,2350.8713784669835,7271.245194638533,7713.408287201169,7746.84375
2024-11-16,2024-11-16,7854,Saturday,2024,11,4,46,16,5,Saturday,1,0,4676.0,11763.0,12484.0,4570.0,7330.857142857143,7887.285714285715,8260.166666666666,1631.5770927307822,7416.933895978899,7732.153848907679,7747.177570093458
2024-11-17,2024-11-17,9644,Sunday,2024,11,4,46,17,6,Sunday,1,0,7854.0,7077.0,8170.0,7134.0,7697.571428571428,7992.571428571428,8343.833333333334,1840.1582230108106,7973.700421984175,7987.066669053323,7753.068322981367
2024-11-18,2024-11-18,6142,Monday,2024,11,4,47,18,0,Monday,0,0,9644.0,7179.0,8395.0,14234.0,7549.428571428572,7831.642857142857,8074.1,1928.4862679610414,7515.7753164881315,7741.057779846214,7748.080495356037
2024-11-19,2024-11-19,5638,Tuesday,2024,11,4,47,19,1,Tuesday,0,0,6142.0,9416.0,7768.0,9479.0,7009.714285714285,7679.5,7946.066666666667,1845.9318075419967,7046.331487366098,7460.650075866719,7741.567901234568
2024-11-20,2024-11-20,3707,Wednesday,2024,11,4,47,20,2,Wednesday,0,0,5638.0,6123.0,9505.0,8222.0,6664.571428571428,7265.357142857143,7795.566666666667,2226.0795027089625,6211.498615524574,6960.163399084489,7729.153846153846
2024-11-21,2024-11-21,6392,Thursday,2024,11,4,47,21,3,Thursday,0,0,3707.0,8991.0,5750.0,8101.0,6293.285714285715,7311.214285714285,7738.6,1976.0918259944137,6256.623961643431,6884.408279206557,7725.052147239264
2024-11-22,2024-11-22,4954,Friday,2024,11,4,47,22,4,Friday,0,0,6392.0,4676.0,7755.0,6817.0,6333.0,7111.142857142857,7676.5,1940.6470570405202,5930.967971232573,6627.020508645684,7716.577981651376
2024-11-23,2024-11-23,9633,Saturday,2024,11,4,47,23,5,Saturday,1,0,4954.0,7854.0,11763.0,9326.0,6587.142857142857,6959.0,7686.733333333334,2262.7823896382906,6856.475978424431,7027.817774159592,7722.420731707317
2024-11-24,2024-11-24,11777,Sunday,2024,11,4,47,24,6,Sunday,1,0,9633.0,9644.0,7077.0,7551.0,6891.857142857143,7294.714285714285,7827.6,2818.4331006531215,8086.606983818323,7661.042070938313,7734.744680851064
2024-11-25,2024-11-25,6837,Monday,2024,11,4,48,25,0,Monday,0,0,11777.0,6142.0,7179.0,10586.0,6991.142857142857,7270.285714285715,7702.633333333333,2799.7949584788944,7774.205237863743,7551.169794813205,7732.024242424242
2024-11-26,2024-11-26,4865,Tuesday,2024,11,4,48,26,1,Tuesday,0,0,6837.0,5638.0,9416.0,9445.0,6880.714285714285,6945.214285714285,7549.966666666666,2876.260228971282,7046.903928397807,7193.013822171444,7723.36253776435
2024-11-27,2024-11-27,4851,Wednesday,2024,11,4,48,27,2,Wednesday,0,0,4865.0,3707.0,6123.0,6163.0,7044.142857142857,6854.357142857143,7506.233333333334,2692.506665331985,6497.927946298356,6880.7453125485845,7714.710843373494
2024-11-28,2024-11-28,8664,Thursday,2024,11,4,48,28,3,Thursday,0,0,4851.0,6392.0,8991.0,6565.0,7368.714285714285,6831.0,7576.2,2737.3580154524775,7039.445959723767,7118.512604208773,7717.561561561562
2024-11-29,2024-11-29,5549,Friday,2024,11,4,48,29,4,Friday,0,0,8664.0,4954.0,4676.0,5450.0,7453.714285714285,6893.357142857143,7579.5,2657.9664353465023,6666.834469792826,6909.244256980936,7711.068862275449
2024-11-30,2024-11-30,7896,Saturday,2024,11,4,48,30,5,Saturday,1,0,5549.0,9633.0,7854.0,8908.0,7205.571428571428,6896.357142857143,7545.766666666666,2496.7986073598945,6974.1258523446195,7040.811689383479,7711.620895522388
2024-12-01,2024-12-01,13637,Sunday,2024,12,4,48,1,6,Sunday,1,0,7896.0,11777.0,9644.0,6918.0,7471.285714285715,7181.571428571428,7769.733333333334,3092.332060343551,8639.844389258464,7920.303464132348,7729.255952380952
2024-12-02,2024-12-02,5328,Monday,2024,12,4,49,2,0,Monday,0,0,13637.0,6837.0,6142.0,12484.0,7255.714285714285,7123.428571428572,7531.2,3194.8177681095667,7811.883291943847,7574.663002248036,7722.13056379822
2024-12-03,2024-12-03,5802,Tuesday,2024,12,4,49,3,1,Tuesday,0,0,5328.0,4865.0,5638.0,8170.0,7389.571428571428,7135.142857142857,7452.266666666666,3096.0595847594686,7309.412468957886,7338.307935281631,7716.449704142012
2024-12-04,2024-12-04,6807,Wednesday,2024,12,4,49,4,2,Wednesday,0,0,5802.0,4851.0,3707.0,8395.0,7669.0,7356.571428571428,7399.333333333333,2911.528579057174,7183.809351718414,7267.46687724408,7713.766961651917
2024-12-05,2024-12-05,6229,Thursday,2024,12,4,49,5,3,Thursday,0,0,6807.0,8664.0,6392.0,7768.0,7321.142857142857,7344.928571428572,7348.033333333334,2918.2910197906067,6945.107013788811,7129.004626944869,7709.4
2024-12-06,2024-12-06,11069,Friday,2024,12,4,49,6,4,Friday,0,0,6229.0,5549.0,4954.0,9505.0,8109.714285714285,7781.714285714285,7400.166666666667,3099.773202149138,7976.080260341609,7654.33734335222,7719.2521994134895
2024-12-07,2024-12-07,11533,Saturday,2024,12,4,49,7,5,Saturday,1,0,11069.0,7896.0,9633.0,5750.0,8629.285714285714,7917.428571428572,7592.933333333333,3352.4889616664286,8865.310195256206,8171.49236423859,7730.403508771929
2024-12-08,2024-12-08,11609,Sunday,2024,12,4,49,8,6,Sunday,1,0,11533.0,13637.0,11777.0,7755.0,8339.57142857143,7905.428571428572,7721.4,2905.4273269832383,9551.232646442155,8629.826715673446,7741.711370262391
2024-12-09,2024-12-09,7917,Monday,2024,12,4,50,9,0,Monday,0,0,11609.0,5328.0,6837.0,11763.0,8709.42857142857,7982.571428571428,7593.2,2607.696675685453,9142.674484831616,8534.783153583652,7742.220930232558
2024-12-10,2024-12-10,4621,Tuesday,2024,12,4,50,10,1,Tuesday,0,0,7917.0,5802.0,4865.0,7077.0,8540.714285714286,7965.142857142857,7511.333333333333,2853.7503811817965,8012.255863623712,8012.945399772498,7733.173913043478
2024-12-11,2024-12-11,4057,Wednesday,2024,12,4,50,11,2,Wednesday,0,0,4621.0,6807.0,4851.0,7179.0,8147.857142857143,7908.428571428572,7407.266666666666,3288.386606862169,7023.441897717784,7485.486013136165,7722.549132947976
2024-12-12,2024-12-12,8955,Thursday,2024,12,4,50,12,3,Thursday,0,0,4057.0,6229.0,8664.0,9416.0,8537.285714285714,7929.214285714285,7391.9,3182.996581539988,7506.331423288339,7681.421211384676,7726.100864553314
2024-12-13,2024-12-13,9811,Friday,2024,12,4,50,13,4,Friday,0,0,8955.0,11069.0,5549.0,6123.0,8357.57142857143,8233.642857142857,7514.833333333333,3048.9204022157796,8082.498567466254,7965.365049866718,7732.091954022989
2024-12-14,2024-12-14,10939,Saturday,2024,12,4,50,14,5,Saturday,1,0,9811.0,11533.0,7896.0,8991.0,8272.714285714286,8451.0,7579.766666666666,2952.5558258501937,8796.62392559969,8361.84970988449,7741.280802292264
2024-12-15,2024-12-15,17081,Sunday,2024,12,4,50,15,6,Sunday,1,0,10939.0,11609.0,13637.0,4676.0,9054.42857142857,8697.0,7993.266666666666,4368.124496743153,10867.717944199767,9524.40308189989,7767.965714285714
2024-12-16,2024-12-16,7375,Monday,2024,12,4,51,16,0,Monday,0,0,17081.0,7917.0,5328.0,7854.0,8977.0,8843.214285714286,7977.3,4396.359099679341,9994.538458149824,9237.81600431324,7766.846153846154
2024-12-17,2024-12-17,4294,Tuesday,2024,12,4,51,17,1,Tuesday,0,0,7375.0,4621.0,5802.0,9644.0,8930.285714285714,8735.5,7798.966666666666,4451.7471743981505,8569.403843612368,8578.640537071473,7756.980113636364
2024-12-18,2024-12-18,3514,Wednesday,2024,12,4,51,18,2,Wednesday,0,0,4294.0,4057.0,6807.0,6142.0,8852.714285714286,8500.285714285714,7711.366666666667,4554.364819023825,7305.552882709276,7903.3551321286095,7744.960339943343
2024-12-19,2024-12-19,7711,Thursday,2024,12,4,51,19,3,Thursday,0,0,3514.0,8955.0,6229.0,5638.0,8675.0,8606.142857142857,7780.466666666666,4573.93714429921,7406.914662031957,7877.707781178127,7744.864406779661
2024-12-20,2024-12-20,4748,Friday,2024,12,4,51,20,4,Friday,0,0,7711.0,9811.0,11069.0,3707.0,7951.714285714285,8154.642857142857,7815.166666666667,4760.851524474929,6742.185996523968,7460.413410354377,7736.422535211268
2024-12-21,2024-12-21,9184,Saturday,2024,12,4,51,21,5,Saturday,1,0,4748.0,10939.0,11533.0,6392.0,7701.0,7986.857142857143,7908.233333333334,4621.4877114049195,7352.639497392976,7690.22495564046,7740.488764044944
2024-12-22,2024-12-22,9319,Sunday,2024,12,4,51,22,6,Sunday,1,0,9184.0,17081.0,11609.0,4954.0,6592.142857142857,7823.285714285715,8053.733333333334,2386.610806741887,7844.229623044733,7907.3949615550655,7744.910364145659
2024-12-23,2024-12-23,7101,Monday,2024,12,4,52,23,0,Monday,0,0,9319.0,7375.0,7917.0,9633.0,6553.0,7765.0,7969.333333333333,2373.843999367555,7658.42221728355,7799.875633347723,7743.111731843575
2024-12-24,2024-12-24,6257,Tuesday,2024,12,4,52,24,1,Tuesday,0,0,7101.0,4294.0,4621.0,11777.0,6833.428571428572,7881.857142857143,7785.333333333333,2169.672237700348,7308.066662962662,7594.158882234694,7738.972144846796
2024-12-25,2024-12-25,15591,Wednesday,2024,12,4,52,25,2,Wednesday,0,1,6257.0,3514.0,4057.0,6837.0,8558.714285714286,8705.714285714286,8077.133333333333,3490.106049691793,9378.799997221997,8660.404364603402,7760.783333333334
2024-12-26,2024-12-26,6551,Thursday,2024,12,4,52,26,3,Thursday,0,0,15591.0,7711.0,8955.0,4865.0,8393.0,8534.0,8133.333333333333,3563.825425952663,8671.849997916497,8379.15044932295,7757.432132963989
2024-12-27,2024-12-27,11012,Friday,2024,12,4,52,27,4,Friday,0,0,6551.0,4748.0,9811.0,4851.0,9287.857142857143,8619.785714285714,8338.7,3270.3939838380056,9256.887498437372,8730.197056079889,7766.422651933702
2024-12-28,2024-12-28,12132,Saturday,2024,12,4,52,28,5,Saturday,1,0,11012.0,9184.0,10939.0,8664.0,9709.0,8705.0,8454.3,3440.1960699936876,9975.665623828028,9183.770781935904,7778.449035812672
2024-12-29,2024-12-29,11269,Sunday,2024,12,4,52,29,6,Sunday,1,0,12132.0,9319.0,17081.0,5549.0,9987.57142857143,8289.857142857143,8644.966666666667,3482.0487196066483,10298.999217871022,9461.80134434445,7788.038461538462
2024-12-30,2024-12-30,8026,Monday,2024,12,4,1,30,0,Monday,0,0,11269.0,7101.0,7375.0,7896.0,10119.714285714286,8336.357142857143,8649.3,3369.995435916086,9730.749413403266,9270.361165098526,7788.690410958904
2024-12-31,2024-12-31,5860,Tuesday,2024,12,4,1,31,1,Tuesday,0,0,8026.0,6257.0,4294.0,13637.0,10063.0,8448.214285714286,8390.066666666668,3448.2677776916744,8763.062060052449,8815.646343085387,7783.420765027322
2025-01-01,2025-01-01,11272,Wednesday,2025,1,1,1,1,2,Wednesday,0,0,5860.0,15591.0,3514.0,5328.0,9446.0,9002.357142857143,8588.2,2568.4423943965235,9390.296545039337,9143.160164007337,7792.926430517711
